"PROBEID","logFC","AveExpr","t","P.Value","adj.P.Val","B","SYMBOL","GENENAME"
"209875_s_at",4.36441512427305,9.69923956271028,20.9993700546069,5.22079560251276e-40,7.75566589405279e-37,80.5989404595396,"SPP1","secreted phosphoprotein 1"
"37892_at",3.06152204233462,7.31694310558879,12.7231074616232,3.03867673286401e-23,1.8808564899558e-21,42.2788934191542,"COL11A1","collagen type XI alpha 1 chain"
"204475_at",2.86203557603765,6.54192717616822,9.67434796694577,2.47382714505639e-16,5.80255687087279e-15,26.4666846694278,"MMP1","matrix metallopeptidase 1"
"206239_s_at",2.75839951754293,8.14072839172897,8.0796406684203,9.82758081762754e-13,1.34513503291888e-11,18.2549102100041,"SPINK1","serine peptidase inhibitor Kazal type 1"
"218469_at",2.54836273574384,7.25186027104673,13.4344934703631,8.05418306397549e-25,6.27522242008971e-23,45.8889501984198,"GREM1","gremlin 1, DAN family BMP antagonist"
"217428_s_at",2.46347495258867,7.19763244451402,11.9660206015344,1.51660143906586e-21,7.57722642751224e-20,38.3908883490835,"COL10A1","collagen type X alpha 1 chain"
"201292_at",2.4559629390102,7.38557097898131,14.1313335584546,2.41223921403698e-26,2.43221386454235e-24,49.3773135820279,"TOP2A","DNA topoisomerase II alpha"
"218468_s_at",2.44145754003765,6.39494994384112,12.6952185751001,3.50666667096285e-23,2.15259100355551e-21,42.1364543257681,"GREM1","gremlin 1, DAN family BMP antagonist"
"214774_x_at",2.43796000516467,6.1650606857757,10.6973120909762,1.14822690041649e-18,3.81879701820607e-17,31.8017086695238,"TOX3","TOX high mobility group box family member 3"
"201291_s_at",2.42207690664743,6.68344500573832,12.8517377937945,1.57083125181846e-23,9.97231703255578e-22,42.9350085928012,"TOP2A","DNA topoisomerase II alpha"
"204580_at",2.37732458910626,8.31861097442056,11.5159587288779,1.57917859503102e-20,6.92693634509376e-19,36.0616021189599,"MMP12","matrix metallopeptidase 12"
"212353_at",2.36007949937332,8.74754463738318,14.2339658073861,1.44510647605755e-26,1.51179847915448e-24,49.886745799571,"SULF1","sulfatase 1"
"202310_s_at",2.32832187591977,11.4076299440374,10.93854830046,3.23885870243067e-19,1.17927268735723e-17,33.0591929967939,"COL1A1","collagen type I alpha 1 chain"
"216623_x_at",2.311316003019,6.90349911701869,11.0210582278441,2.10168832990179e-19,7.81835076046773e-18,33.4889580566033,"TOX3","TOX high mobility group box family member 3"
"201884_at",2.28540671882477,9.78332409304673,7.96358567330428,1.7781335398218e-12,2.31302683408344e-11,17.6685603487146,"CEACAM5","CEA cell adhesion molecule 5"
"204846_at",2.28409146539585,9.15486720158878,12.3487230916372,2.08975733999776e-22,1.16706924328747e-20,40.3615600153614,"CP","ceruloplasmin"
"202311_s_at",2.22376820300246,7.85397289673832,10.7896256102655,7.07330214312728e-19,2.42857306094461e-17,32.2830566684171,"COL1A1","collagen type I alpha 1 chain"
"203744_at",2.21619725443738,9.24300718960748,14.6192420488003,2.1334194190712e-27,2.52866941038104e-25,51.7886810483744,"HMGB3","high mobility group box 3"
"204351_at",2.16651662690675,8.89097220518692,7.04099354413563,1.82417159917841e-10,1.713660022955e-09,13.0977247201319,"S100P","S100 calcium binding protein P"
"212354_at",2.11829633553483,9.03014105160748,13.8943061515358,7.91056883388526e-26,7.40635316493552e-24,48.1964386310027,"SULF1","sulfatase 1"
"208650_s_at",2.08769626412315,7.17181228666355,9.57973662514171,4.06332311710101e-16,9.25797842723535e-15,25.9742728181915,"CD24","CD24 molecule"
"203083_at",2.08649122222554,10.1417867150561,13.0131128216097,6.87886253459765e-24,4.67322237373291e-22,43.7561195772404,"THBS2","thrombospondin 2"
"205242_at",2.05430912371287,7.96804115314019,8.4696766071982,1.32226040213942e-13,2.07408655664314e-12,20.2398361259427,"CXCL13","C-X-C motif chemokine ligand 13"
"209803_s_at",2.00846279072379,7.3633109448785,10.9166954356735,3.63206110386514e-19,1.30537447705527e-17,32.9453373071817,"PHLDA2","pleckstrin homology like domain family A member 2"
"201852_x_at",1.95327079028712,11.8247832503551,10.2463178074184,1.22689529585669e-17,3.54590244845325e-16,29.4487309145503,"COL3A1","collagen type III alpha 1 chain"
"205941_s_at",1.95111668730506,8.44842824729906,13.4023035390224,9.48244162002448e-25,7.30027563023587e-23,45.7266160412904,"COL10A1","collagen type X alpha 1 chain"
"203953_s_at",1.9082694971418,7.34998071974766,10.1021732554978,2.61652733984125e-17,7.17147339651693e-16,28.6966745517227,"CLDN3","claudin 3"
"215108_x_at",1.88489286074701,5.92557026485981,10.2200476230715,1.40848976282016e-17,4.0237663314002e-16,29.3116575384448,"TOX3","TOX high mobility group box family member 3"
"202575_at",1.87519636536383,8.1627451231028,9.76261766499923,1.55668391626311e-16,3.77860432528223e-15,26.9263851056349,"CRABP2","cellular retinoic acid binding protein 2"
"204268_at",1.8739863562069,8.19778530541121,6.64968807653049,1.22936355834895e-09,1.00935549634081e-08,11.2198490782958,"S100A2","S100 calcium binding protein A2"
"209529_at",1.87245344223892,7.47715359665421,14.6738020607745,1.62932120287183e-27,1.95194432062327e-25,52.0566600845517,"PLPP2","phospholipid phosphatase 2"
"211161_s_at",1.85371256227973,10.142046024785,10.394485870292,5.63270425361539e-18,1.71232672419252e-16,30.2218823433825,"COL3A1","collagen type III alpha 1 chain"
"220057_at",1.84564625110873,7.43812167891589,7.65601807740298,8.47329961555748e-12,1.00217906227955e-10,16.1256440153994,"XAGE1B","X antigen family member 1B"
"220057_at",1.84564625110873,7.43812167891589,7.65601807740298,8.47329961555748e-12,1.00217906227955e-10,16.1256440153994,"XAGE1A","X antigen family member 1A"
"203256_at",1.84022562374419,9.33447712049533,10.7792041316327,7.47086636432004e-19,2.54936164159485e-17,32.228724444526,"CDH3","cadherin 3"
"217771_at",1.83141413145848,8.19691660485981,14.5491439401934,3.01787485789334e-27,3.50246382596028e-25,51.4438844515824,"GOLM1","golgi membrane protein 1"
"209035_at",1.8202872279722,8.11610665547664,13.692424291853,2.18544255996801e-25,1.80363765050989e-23,47.1859847046467,"MDK","midkine"
"204320_at",1.81647955087931,7.71361899624299,10.4376135290332,4.49075308514098e-18,1.37644361755428e-16,30.4469219929729,"COL11A1","collagen type XI alpha 1 chain"
"204734_at",1.81551174258937,6.67559320585981,7.09044734606963,1.42947032959431e-10,1.37415389794435e-09,13.3379634181967,"KRT15","keratin 15"
"202404_s_at",1.79289750354468,10.9259404267196,9.93778808926284,6.20520894287167e-17,1.59850486559548e-15,27.8393362937978,"COL1A2","collagen type I alpha 2 chain"
"201014_s_at",1.77434891395954,7.84231826238318,12.1471659537511,5.9275833719342e-22,3.10057136800023e-20,39.3249297297352,"PAICS","phosphoribosylaminoimidazole carboxylase and phosphoribosylaminoimidazolesuccinocarboxamide synthase"
"201577_at",1.74771340239163,9.70462189485981,16.6607929970948,1.13048547028621e-31,2.3991054985131e-29,61.5718779342193,"NME1","NME/NM23 nucleoside diphosphate kinase 1"
"202620_s_at",1.73783276065693,8.23122232171963,11.5195115328252,1.55016907788405e-20,6.81310011094482e-19,36.0800324919704,"PLOD2","procollagen-lysine,2-oxoglutarate 5-dioxygenase 2"
"215076_s_at",1.72053811493807,11.7260377505794,9.89328718197872,7.83891678884732e-17,1.99400208682517e-15,27.6073334708248,"COL3A1","collagen type III alpha 1 chain"
"203819_s_at",1.70429315163899,6.03088048235514,7.76845072399669,4.7968406759924e-12,5.84087435973435e-11,16.6877033790531,"IGF2BP3","insulin like growth factor 2 mRNA binding protein 3"
"201890_at",1.69447453913019,7.40702995441121,11.4169126885532,2.64864830700572e-20,1.14601612087395e-18,35.5475516358747,"RRM2","ribonucleotide reductase regulatory subunit M2"
"202503_s_at",1.68484415845989,9.16715696771963,12.0504327428657,9.78654012646468e-22,5.03633888309497e-20,38.8264135475634,"PCLAF","PCNA clamp associated factor"
"202870_s_at",1.6743381674803,6.96739159946729,11.3602625777531,3.56103227848875e-20,1.52012418125603e-18,35.2533336151572,"CDC20","cell division cycle 20"
"212143_s_at",1.67065236109606,9.62537217686916,10.8298316240406,5.7281039302388e-19,1.99125335222326e-17,32.4926485507867,"IGFBP3","insulin like growth factor binding protein 3"
"201013_s_at",1.66910409621464,9.26509329483178,14.7021564947393,1.41652657187475e-27,1.71545986962419e-25,52.1957916326549,"PAICS","phosphoribosylaminoimidazole carboxylase and phosphoribosylaminoimidazolesuccinocarboxamide synthase"
"219787_s_at",1.66432684778184,6.08571100642056,11.1330132968637,1.16917699741191e-19,4.58675546361437e-18,34.0717565771479,"ECT2","epithelial cell transforming 2"
"221577_x_at",1.66173428428783,7.49840526081308,7.49330744047699,1.9227302616087e-11,2.13686775159235e-10,15.316573231444,"GDF15","growth differentiation factor 15"
"210095_s_at",1.65361021973223,10.4575573247383,10.4329895340082,4.60117431130445e-18,1.40641930286416e-16,30.4227943849441,"IGFBP3","insulin like growth factor binding protein 3"
"200606_at",1.6496139261045,9.88757006199065,7.79931745759976,4.10162860081034e-12,5.04953536529596e-11,16.842415019452,"DSP","desmoplakin"
"205542_at",1.5995190549919,8.24755531862617,9.33463394466624,1.4672892632595e-15,3.02457045820642e-14,24.700496358287,"STEAP1","STEAP family member 1"
"218039_at",1.59229444984166,8.50316092237383,11.166095310661,9.83242552505468e-20,3.91942643962063e-18,34.243888558716,"NUSAP1","nucleolar and spindle associated protein 1"
"204026_s_at",1.57499315690957,8.71355503511215,11.3887083786527,3.06914782994431e-20,1.31518886720479e-18,35.401087592428,"ZWINT","ZW10 interacting kinetochore protein"
"217294_s_at",1.56834074456439,10.3591305788131,12.1556100670111,5.67391725756437e-22,2.97486819412487e-20,39.3684164155675,"ENO1","enolase 1"
"214777_at",1.56590973690113,9.59300199250467,5.85312178925062,5.20745436225134e-08,3.225957896971e-07,7.54583578080894,"IGKV4-1","immunoglobulin kappa variable 4-1"
"216491_x_at",1.56151651014039,8.75693947159813,6.66301573466959,1.15277495223091e-09,9.51733392388346e-09,11.2830961797825,"IGHM","immunoglobulin heavy constant mu"
"211644_x_at",1.56032803244088,11.1652847693271,6.57262612356693,1.78150520857056e-09,1.41776002009207e-08,10.8551942399437,"IGKC","immunoglobulin kappa constant"
"210519_s_at",1.55946649505031,9.24258332893458,7.95327825383858,1.87410707269531e-12,2.43077578002733e-11,17.6165880184386,"NQO1","NAD(P)H quinone dehydrogenase 1"
"211571_s_at",1.55398650938318,7.92507730004673,8.04723378689796,1.1599514140254e-12,1.56176419085969e-11,18.0909661558048,"VCAN","versican"
"212344_at",1.55039996131281,8.5539682677757,12.42698367962,1.39522834660557e-22,7.97176237113127e-21,40.7632611953629,"SULF1","sulfatase 1"
"203820_s_at",1.54889303590288,6.45681449523364,7.39663338048879,3.1212209103744e-11,3.35828901718362e-10,14.8384439091184,"IGF2BP3","insulin like growth factor 2 mRNA binding protein 3"
"221730_at",1.54372179804187,8.86609732466355,8.05933149628325,1.09036470170376e-12,1.47789517323995e-11,18.1521486000628,"COL5A2","collagen type V alpha 2 chain"
"218542_at",1.540978729905,6.80312370724299,11.7119506451036,5.6842355104154e-21,2.67783974373333e-19,37.0773537910852,"CEP55","centrosomal protein 55"
"211645_x_at",1.54093193522906,10.0838482221495,6.01552866555744,2.46764242963105e-08,1.61061734796335e-07,8.27661652230052,"IGKV1-17","immunoglobulin kappa variable 1-17"
"204675_at",1.53519068512562,7.24069237765421,10.7087200498658,1.08148770935227e-18,3.62387828984911e-17,31.861201310727,"SRD5A1","steroid 5 alpha-reductase 1"
"216510_x_at",1.52323845672449,7.13946678056075,6.82000458839037,5.38416977244758e-10,4.67558281525524e-09,12.0319866229983,"IGHA1","immunoglobulin heavy constant alpha 1"
"216510_x_at",1.52323845672449,7.13946678056075,6.82000458839037,5.38416977244758e-10,4.67558281525524e-09,12.0319866229983,"IGHG1","immunoglobulin heavy constant gamma 1 (G1m marker)"
"216510_x_at",1.52323845672449,7.13946678056075,6.82000458839037,5.38416977244758e-10,4.67558281525524e-09,12.0319866229983,"IGHM","immunoglobulin heavy constant mu"
"216510_x_at",1.52323845672449,7.13946678056075,6.82000458839037,5.38416977244758e-10,4.67558281525524e-09,12.0319866229983,"IGHV4-31","immunoglobulin heavy variable 4-31"
"216510_x_at",1.52323845672449,7.13946678056075,6.82000458839037,5.38416977244758e-10,4.67558281525524e-09,12.0319866229983,"IGHV3-23","immunoglobulin heavy variable 3-23"
"216510_x_at",1.52323845672449,7.13946678056075,6.82000458839037,5.38416977244758e-10,4.67558281525524e-09,12.0319866229983,"IGK","immunoglobulin kappa locus"
"216510_x_at",1.52323845672449,7.13946678056075,6.82000458839037,5.38416977244758e-10,4.67558281525524e-09,12.0319866229983,"ZCWPW2","zinc finger CW-type and PWWP domain containing 2"
"204641_at",1.51536540395848,6.03455077219626,10.0973610922918,2.68352316730097e-17,7.33704867938252e-16,28.6715712115686,"NEK2","NIMA related kinase 2"
"209773_s_at",1.49917104062385,8.27874333466355,11.1282384550715,1.19877725252441e-19,4.6946139750442e-18,34.0469089816978,"RRM2","ribonucleotide reductase regulatory subunit M2"
"218883_s_at",1.49475529875193,7.70443701424299,10.9913012650883,2.45637786972302e-19,9.01737530000628e-18,33.333987268384,"CENPU","centromere protein U"
"204285_s_at",1.49243468795356,8.29864774442991,8.10192940700315,8.76787339373913e-13,1.21124936660068e-11,18.3677607643987,"PMAIP1","phorbol-12-myristate-13-acetate-induced protein 1"
"266_s_at",1.49107932970725,8.69152342940187,8.39673482918577,1.92679451914426e-13,2.95897741351424e-12,19.8670919457425,"CD24","CD24 molecule"
"219918_s_at",1.48299594217136,6.22214761798131,10.2208964744796,1.40222172775591e-17,4.01615768118058e-16,29.3160866402378,"ASPM","assembly factor for spindle microtubules"
"202589_at",1.48261285162209,8.31314983085047,11.0639412220303,1.67876500233898e-19,6.39451633284095e-18,33.7122399560793,"TYMS","thymidylate synthetase"
"212992_at",1.48160720726847,8.31359588483178,6.89177088956529,3.79354414546556e-10,3.36644939041852e-09,12.3766509351292,"AHNAK2","AHNAK nucleoprotein 2"
"218313_s_at",1.48140734552568,8.62475551945794,11.6509502432215,7.81066926715178e-21,3.58855965525656e-19,36.761429209415,"GALNT7","polypeptide N-acetylgalactosaminyltransferase 7"
"216379_x_at",1.4780871736608,11.1108671179252,8.31310604636395,2.96473593777944e-13,4.39542321367527e-12,19.4405633132838,"CD24","CD24 molecule"
"209173_at",1.47336517295567,10.6030325986355,6.97993507875901,2.46296860605786e-10,2.25667473062448e-09,12.8019724901645,"AGR2","anterior gradient 2, protein disulphide isomerase family member"
"214710_s_at",1.47127816885679,7.60720905746729,11.2110550720325,7.77078074690184e-20,3.1425827111291e-18,34.4777589196166,"CCNB1","cyclin B1"
"205479_s_at",1.46372827345355,8.99170367806542,9.57846397200639,4.09052853892973e-16,9.31044406874067e-15,25.9676516470444,"PLAU","plasminogen activator, urokinase"
"218002_s_at",1.46085302377622,7.41649158565421,5.35812024381635,4.76831694442602e-07,2.49126392667397e-06,5.38513151004766,"CXCL14","C-X-C motif chemokine ligand 14"
"211668_s_at",1.45454764315095,8.43075860570093,9.00579358697272,8.17661448415492e-15,1.52595896608395e-13,22.9971476239015,"PLAU","plasminogen activator, urokinase"
"216576_x_at",1.44938434791239,9.53321277735514,6.1478467497821,1.333762779641e-08,9.14468800576625e-08,8.87933507640771,NA,NA
"215646_s_at",1.44833526786981,8.02866142030841,8.06226008423146,1.0741533285731e-12,1.45858370631288e-11,18.1669629289042,"VCAN","versican"
"202949_s_at",1.44323643072696,9.74056910380374,10.8563683802248,4.9837452756685e-19,1.75482467588415e-17,32.6309635442921,"FHL2","four and a half LIM domains 2"
"218960_at",1.44196243252322,8.00975762231776,9.05329561480412,6.38238768354654e-15,1.20728985358631e-13,23.2427267516018,"TMPRSS4","transmembrane serine protease 4"
"211634_x_at",1.43813033457459,8.15132924257009,6.648313312168,1.2375442539633e-09,1.015323954752e-08,11.2133280697019,"IGHM","immunoglobulin heavy constant mu"
"211634_x_at",1.43813033457459,8.15132924257009,6.648313312168,1.2375442539633e-09,1.015323954752e-08,11.2133280697019,"IGHV1-69-2","immunoglobulin heavy variable 1-69-2"
"211634_x_at",1.43813033457459,8.15132924257009,6.648313312168,1.2375442539633e-09,1.015323954752e-08,11.2133280697019,"IGHV1-69","immunoglobulin heavy variable 1-69"
"203878_s_at",1.42853936887967,8.34443508071963,9.9555756637707,5.65173864029649e-17,1.4660965322669e-15,27.9320827562245,"MMP11","matrix metallopeptidase 11"
"209641_s_at",1.42515147358726,8.67829539904673,11.6013591724,1.01148026460269e-20,4.57176769495773e-19,36.5044468404449,"ABCC3","ATP binding cassette subfamily C member 3"
"201037_at",1.42357997123715,8.49687924101869,10.8563209942567,4.98498415758499e-19,1.75482467588415e-17,32.6307165735436,"PFKP","phosphofructokinase, platelet"
"200700_s_at",1.42227021201337,10.5777351008505,15.9777801010434,2.87904715712397e-30,4.97316339551887e-28,58.3561041146282,"KDELR2","KDEL endoplasmic reticulum protein retention receptor 2"
"204540_at",1.42181264739761,5.64703612602804,5.78827552874505,6.99793719052101e-08,4.24428509570984e-07,7.25692882300321,"EEF1A2","eukaryotic translation elongation factor 1 alpha 2"
"203755_at",1.42085826134237,7.56457184451402,9.58239651145989,4.00704504516823e-16,9.14846155138153e-15,25.9881115001317,"BUB1B","BUB1 mitotic checkpoint serine/threonine kinase B"
"203362_s_at",1.4207424380373,6.38931451242056,10.1340237538883,2.21334681667352e-17,6.11910758262233e-16,28.862834135768,"MAD2L1","mitotic arrest deficient 2 like 1"
"221729_at",1.41959453502884,9.42676059800935,9.10219000043232,4.94504827838988e-15,9.50737797992766e-14,23.4956842295138,"COL5A2","collagen type V alpha 2 chain"
"214768_x_at",1.4182140239349,9.62153326452336,6.12530453377893,1.48177410463883e-08,1.00850251599472e-07,8.77620271868688,"IGKV2D-28","immunoglobulin kappa variable 2D-28"
"214768_x_at",1.4182140239349,9.62153326452336,6.12530453377893,1.48177410463883e-08,1.00850251599472e-07,8.77620271868688,"IGKV2-28","immunoglobulin kappa variable 2-28"
"205890_s_at",1.41600032956967,8.99925673706542,7.11071068082199,1.29335077688809e-10,1.2552149547647e-09,13.436576230858,"UBD","ubiquitin like modifier D"
"205890_s_at",1.41600032956967,8.99925673706542,7.11071068082199,1.29335077688809e-10,1.2552149547647e-09,13.436576230858,"GABBR1","gamma-aminobutyric acid type B receptor subunit 1"
"214290_s_at",1.41083562986277,10.152363670215,8.68819457179974,4.26578446543652e-14,7.16311041773338e-13,21.3602044871794,"H2AC18","H2A clustered histone 18"
"214290_s_at",1.41083562986277,10.152363670215,8.68819457179974,4.26578446543652e-14,7.16311041773338e-13,21.3602044871794,"H2AC19","H2A clustered histone 19"
"218009_s_at",1.41043722738282,7.25508355493458,8.83786705339278,1.96041239885368e-14,3.46972752054461e-13,22.130484684615,"PRC1","protein regulator of cytokinesis 1"
"206023_at",1.40585883275897,6.84842856433645,6.95491641658553,2.78467842322444e-10,2.53476263499633e-09,12.6810679825956,"NMU","neuromedin U"
"203936_s_at",1.40508083206791,8.65661934923365,8.93990891678812,1.15261743344739e-14,2.10695441095228e-13,22.6568322820117,"MMP9","matrix metallopeptidase 9"
"209771_x_at",1.40357105420549,11.2040055211963,8.25860044681881,3.92433855989763e-13,5.7341663036196e-12,19.1630683804294,"CD24","CD24 molecule"
"201830_s_at",1.40037994654222,9.50355234306542,10.1633161342437,1.89761845406323e-17,5.30547453097753e-16,29.0156579041015,"NET1","neuroepithelial cell transforming 1"
"220196_at",1.39425812448557,6.81258671137383,6.93862485656001,3.01618281617746e-10,2.72324155967918e-09,12.6024265094898,"MUC16","mucin 16, cell surface associated"
"201467_s_at",1.39198582540851,7.26278394001869,7.71105844752853,6.41513613637694e-12,7.69781790667137e-11,16.400500332547,"NQO1","NAD(P)H quinone dehydrogenase 1"
"217755_at",1.38832127318754,9.24469538520561,12.2403753256563,3.65872576627143e-22,1.97402872275608e-20,39.8046768880281,"JPT1","Jupiter microtubule associated homolog 1"
"204017_at",1.38607152020021,8.94953931485047,12.3295761022055,2.30702309085113e-22,1.28197993848967e-20,40.2632112929826,"KDELR3","KDEL endoplasmic reticulum protein retention receptor 3"
"210559_s_at",1.38010852384201,7.50008680798131,10.3643509780308,6.5989520246934e-18,1.98708713467896e-16,30.0646357269423,"CDK1","cyclin dependent kinase 1"
"201416_at",1.36856863852569,9.79237734985981,11.6964353526712,6.16264755534047e-21,2.86088073907608e-19,36.9970185338375,"SOX4","SRY-box transcription factor 4"
"209278_s_at",1.36757604456861,7.69566972188785,4.65524006139668,9.21423701007674e-06,3.81495435331736e-05,2.51491589411906,"TFPI2","tissue factor pathway inhibitor 2"
"217871_s_at",1.36643397130612,11.5221092136075,15.8073860094436,6.51498278891691e-30,1.04441267255709e-27,57.5447101811213,"MIF","macrophage migration inhibitory factor"
"220393_at",1.36552086033744,5.78362044628037,7.48706434716305,1.98394659929358e-11,2.2016076729113e-10,15.2856366140654,"LGSN","lengsin, lens protein with glutamine synthetase domain"
"204825_at",1.3636410135563,7.59494498128037,10.6291097545736,1.64258980804632e-18,5.31231185670482e-17,31.4459896278502,"MELK","maternal embryonic leucine zipper kinase"
"219010_at",1.35721210618368,9.24696212571963,12.5375218922431,7.89197399116264e-23,4.64002259749544e-21,41.3298397566077,"INAVA","innate immunity activator"
"211762_s_at",1.35426295876284,9.26510631793458,12.226404972602,3.93296283750917e-22,2.11176411827028e-20,39.7328106814143,"KPNA2","karyopherin subunit alpha 2"
"215176_x_at",1.35214807620901,11.5434558233458,5.73050178763476,9.09371972610697e-08,5.40649297376845e-07,7.0009600421383,"IGKV1D-39","immunoglobulin kappa variable 1D-39"
"215176_x_at",1.35214807620901,11.5434558233458,5.73050178763476,9.09371972610697e-08,5.40649297376845e-07,7.0009600421383,"IGKV1-39","immunoglobulin kappa variable 1-39"
"201417_at",1.35181351327834,10.4088615302523,12.5811416358423,6.30451323041466e-23,3.80714006269187e-21,41.5531545312769,"SOX4","SRY-box transcription factor 4"
"201650_at",1.34983420754222,10.2481949771869,8.03990142924436,1.20425916901406e-12,1.61362038864344e-11,18.0538948928532,"KRT19","keratin 19"
"209008_x_at",1.342577669538,10.5295024873738,10.0874685179946,2.82668461511275e-17,7.69072201203388e-16,28.619966095297,"KRT8","keratin 8"
"201689_s_at",1.34216244717453,7.76280162146729,9.65777892699726,2.69848596286665e-16,6.29637305869712e-15,26.380424945108,"TPD52","tumor protein D52"
"207828_s_at",1.3416688217449,7.94211288790654,10.880395161437,4.39365796891565e-19,1.5613526092679e-17,32.7561817012263,"CENPF","centromere protein F"
"202722_s_at",1.34104386887016,9.10904399848598,13.0495314571835,5.71118444384299e-24,3.91576378345087e-22,43.9411049131501,"GFPT1","glutamine--fructose-6-phosphate transaminase 1"
"217109_at",1.34014212983322,6.71641149293458,5.11342064696584,1.37226177412204e-06,6.60576995307009e-06,4.35766998418682,"MUC4","mucin 4, cell surface associated"
"211643_x_at",1.3394966496791,10.7962685218224,6.43809743993792,3.39049867389278e-09,2.56974428402561e-08,10.2230099765287,"IGKC","immunoglobulin kappa constant"
"203889_at",1.33885441423927,6.96221203681308,7.81366118024157,3.81359195093878e-12,4.71467698499545e-11,16.9143672720283,"SCG5","secretogranin V"
"218976_at",1.33847249853202,7.22136060330841,7.84916799891328,3.18415276326867e-12,3.99732259289666e-11,17.0926358090748,"DNAJC12","DnaJ heat shock protein family (Hsp40) member C12"
"205713_s_at",1.33701942628008,6.85484525440187,7.40436055964634,3.00286710165036e-11,3.24347492128333e-10,14.8765873800568,"COMP","cartilage oligomeric matrix protein"
"211798_x_at",1.33627481144933,9.40204150842991,6.86415472909668,4.34141536171786e-10,3.81315563678199e-09,12.2438544474695,"IGLJ3","immunoglobulin lambda joining 3"
"214581_x_at",1.33419925051267,7.59632082060748,9.68684025807775,2.31688609946136e-16,5.4689801858366e-15,26.5317271240369,"TNFRSF21","TNF receptor superfamily member 21"
"202856_s_at",1.33249063250281,8.2973992531215,10.053320124896,3.38214123007846e-17,9.11296892742905e-16,28.4418394066205,"SLC16A3","solute carrier family 16 member 3"
"202619_s_at",1.32531425741168,8.6255673335514,8.469618527807,1.32265718125472e-13,2.07408655664314e-12,20.2395390723008,"PLOD2","procollagen-lysine,2-oxoglutarate 5-dioxygenase 2"
"218856_at",1.32291589526038,9.93483593630841,11.763252240397,4.35183549406355e-21,2.06763220286179e-19,37.3428877780842,"TNFRSF21","TNF receptor superfamily member 21"
"215214_at",1.32247297366924,6.97937710711215,5.44935629887808,3.19390033187981e-07,1.72407173195925e-06,5.77538118272553,"IGLV3-25","immunoglobulin lambda variable 3-25"
"210809_s_at",1.32028689474173,10.9137660105047,8.17915571131431,5.90170133816373e-13,8.40304223120143e-12,18.7593411476465,"POSTN","periostin"
"201563_at",1.32023215735961,8.76638152257009,10.6367157277386,1.57828545116175e-18,5.12666686708999e-17,31.485663074089,"SORD","sorbitol dehydrogenase"
"211635_x_at",1.31398302901864,8.04087567912149,6.712103884692,9.09222313382798e-10,7.61661684552966e-09,11.5164987842643,"IGHV1-69","immunoglobulin heavy variable 1-69"
"203764_at",1.31178754402111,5.82171659657009,9.24616284093476,2.33078523398395e-15,4.70442820370147e-14,24.2415186580568,"DLGAP5","DLG associated protein 5"
"219936_s_at",1.31100073739549,5.63022666240187,6.26488702748547,7.70228356719671e-09,5.48689209487994e-08,9.41769602772549,"GPR87","G protein-coupled receptor 87"
"209955_s_at",1.3084065500197,8.04610792013084,11.5256514181907,1.50128838818865e-20,6.63754149881103e-19,36.111882033632,"FAP","fibroblast activation protein alpha"
"211637_x_at",1.30312594882091,8.84164716300935,6.173765524456,1.18151394347687e-08,8.1686860696541e-08,8.99814020677418,NA,NA
"217901_at",1.30207959605419,9.72400904829906,10.1227611898162,2.34827214280254e-17,6.47605794035508e-16,28.804077602476,"DSG2","desmoglein 2"
"208651_x_at",1.30113957580578,10.0700752741028,8.06195951782881,1.07580603147962e-12,1.45993823382828e-11,18.1654424458383,"CD24","CD24 molecule"
"218280_x_at",1.29561667413124,8.58794506104673,8.38667225763633,2.029424560761e-13,3.10375205816317e-12,19.8157225617041,"H2AC18","H2A clustered histone 18"
"218280_x_at",1.29561667413124,8.58794506104673,8.38667225763633,2.029424560761e-13,3.10375205816317e-12,19.8157225617041,"H2AC19","H2A clustered histone 19"
"201666_at",1.29506966575228,11.7996434876075,11.1344425784572,1.16045974015917e-19,4.56864388515315e-18,34.0791942,"TIMP1","TIMP metallopeptidase inhibitor 1"
"209911_x_at",1.29380334459676,8.80000383075701,10.3862485597476,5.88181727305627e-18,1.78319094279609e-16,30.1788994820304,"H2BC5","H2B clustered histone 5"
"203476_at",1.29061208913159,9.6842759211215,12.6441854614609,4.5583122794388e-23,2.78281842528041e-21,41.8756423524851,"TPBG","trophoblast glycoprotein"
"216557_x_at",1.28610420871604,7.72427939528037,6.86281663570858,4.36986386465134e-10,3.83663027959125e-09,12.2374253088966,"IGHA1","immunoglobulin heavy constant alpha 1"
"216557_x_at",1.28610420871604,7.72427939528037,6.86281663570858,4.36986386465134e-10,3.83663027959125e-09,12.2374253088966,"IGHD","immunoglobulin heavy constant delta"
"216557_x_at",1.28610420871604,7.72427939528037,6.86281663570858,4.36986386465134e-10,3.83663027959125e-09,12.2374253088966,"IGHG1","immunoglobulin heavy constant gamma 1 (G1m marker)"
"216557_x_at",1.28610420871604,7.72427939528037,6.86281663570858,4.36986386465134e-10,3.83663027959125e-09,12.2374253088966,"IGHG3","immunoglobulin heavy constant gamma 3 (G3m marker)"
"216557_x_at",1.28610420871604,7.72427939528037,6.86281663570858,4.36986386465134e-10,3.83663027959125e-09,12.2374253088966,"IGHM","immunoglobulin heavy constant mu"
"216557_x_at",1.28610420871604,7.72427939528037,6.86281663570858,4.36986386465134e-10,3.83663027959125e-09,12.2374253088966,"IGHV4-31","immunoglobulin heavy variable 4-31"
"216557_x_at",1.28610420871604,7.72427939528037,6.86281663570858,4.36986386465134e-10,3.83663027959125e-09,12.2374253088966,"IGHV3-71","immunoglobulin heavy variable 3-71 (pseudogene)"
"216557_x_at",1.28610420871604,7.72427939528037,6.86281663570858,4.36986386465134e-10,3.83663027959125e-09,12.2374253088966,"IGHV3-48","immunoglobulin heavy variable 3-48"
"216557_x_at",1.28610420871604,7.72427939528037,6.86281663570858,4.36986386465134e-10,3.83663027959125e-09,12.2374253088966,"IGHV3-21","immunoglobulin heavy variable 3-21"
"209921_at",1.28445560288458,5.88952078994393,6.47462576802003,2.84842980827458e-09,2.1849074498376e-08,10.3941000608127,"SLC7A11","solute carrier family 7 member 11"
"202095_s_at",1.28118245611542,7.45344883558878,9.99170743817939,4.6747459137787e-17,1.2269418515516e-15,28.1204973317316,"BIRC5","baculoviral IAP repeat containing 5"
"206074_s_at",1.27878293886594,9.40286488685047,12.2732299602667,3.08697596327213e-22,1.67773378999007e-20,39.9736324452542,"HMGA1","high mobility group AT-hook 1"
"AFFX-HUMGAPDH/M33197_5_at",1.27047966088318,11.9747376295794,11.9154135076026,1.97253228882865e-21,9.68148391893587e-20,38.1295623114283,"GAPDH","glyceraldehyde-3-phosphate dehydrogenase"
"204259_at",1.2688205347164,7.96772465357009,5.47553825966341,2.84509816613987e-07,1.54967788892923e-06,5.88806419995591,"MMP7","matrix metallopeptidase 7"
"219148_at",1.26750084107847,5.65274343461682,7.1896616019091,8.74994272161156e-11,8.71591299354807e-10,13.8217553491193,"PBK","PDZ binding kinase"
"209396_s_at",1.2642620953786,8.70128007934579,6.47931941130387,2.78529707697982e-09,2.14016464711522e-08,10.4161149130077,"CHI3L1","chitinase 3 like 1"
"216401_x_at",1.26409837345214,9.54989240096262,6.08027905136736,1.8274593333497e-08,1.22322848678376e-07,8.57075796630948,"IGKV1D-37","immunoglobulin kappa variable 1D-37 (non-functional)"
"216401_x_at",1.26409837345214,9.54989240096262,6.08027905136736,1.8274593333497e-08,1.22322848678376e-07,8.57075796630948,"IGKV1-37","immunoglobulin kappa variable 1-37 (non-functional)"
"222036_s_at",1.26355103844581,7.43502969073832,10.8262237091293,5.83755446722966e-19,2.02614059491088e-17,32.4738421199533,"MCM4","minichromosome maintenance complex component 4"
"217378_x_at",1.26262543912491,10.4656981217383,6.15293524834371,1.30242198677256e-08,8.95184118792506e-08,8.90264056478987,"IGKV1OR2-108","immunoglobulin kappa variable 1/OR2-108 (non-functional)"
"201923_at",1.25996123792189,10.1688295048224,12.8610697974039,1.49749165183007e-23,9.53388756506558e-22,42.9825540329471,"PRDX4","peroxiredoxin 4"
"213668_s_at",1.25979940337403,7.25097552195327,10.4505727905847,4.1952079479884e-18,1.29297121307089e-16,30.5145417571262,"SOX4","SRY-box transcription factor 4"
"219888_at",1.25761223914602,7.27853608676635,12.0010435702884,1.26448600452557e-21,6.4183466147707e-20,38.5716456631429,"SPAG4","sperm associated antigen 4"
"216560_x_at",1.25750565550035,9.57991367439252,6.39143205634303,4.23316434522343e-09,3.16217234678557e-08,10.0050677335984,"IGLV3-10","immunoglobulin lambda variable 3-10"
"217148_x_at",1.24944977276002,10.5349554685421,6.09100346681244,1.73853787749847e-08,1.16791798384982e-07,8.61962495112205,"IGLV2-14","immunoglobulin lambda variable 2-14"
"202954_at",1.24814033551021,8.93788818351402,9.44004244517773,8.4495725780623e-16,1.82513222634879e-14,25.2479267600264,"UBE2C","ubiquitin conjugating enzyme E2 C"
"214612_x_at",1.2455403830672,5.68388095613084,4.00897331339221,0.000112235374497707,0.000385174934534485,0.117805596244912,"MAGEA6","MAGE family member A6"
"211650_x_at",1.24327582478818,7.81086191057944,7.09090948217411,1.42621321881836e-10,1.37161455135647e-09,13.3402112962431,"IGK","immunoglobulin kappa locus"
"201468_s_at",1.24307989225932,9.93345199457009,7.38784520604938,3.26145770186812e-11,3.49063698226356e-10,14.7950788549955,"NQO1","NAD(P)H quinone dehydrogenase 1"
"205267_at",1.2423982990014,8.05774470435514,5.94938829117829,3.34860431189522e-08,2.14047475278145e-07,7.97778224969552,"POU2AF1","POU class 2 homeobox associating factor 1"
"210145_at",1.23998167647853,6.47258805702804,5.80248215353094,6.56009381433778e-08,3.99941369260982e-07,7.32007910330921,"PLA2G4A","phospholipase A2 group IVA"
"218930_s_at",1.23921951898487,8.38473856688785,10.6839658976021,1.2315551375925e-18,4.08374153734728e-17,31.7321053577732,"TMEM106B","transmembrane protein 106B"
"203213_at",1.23744237044265,7.10285776266355,9.63582393114883,3.02786690382188e-16,7.02812064769406e-15,26.2661413282613,"CDK1","cyclin dependent kinase 1"
"211881_x_at",1.23491032509007,8.68996188503738,6.76130374670756,7.16272330351226e-10,6.10351676375387e-09,11.7511360157034,"IGLJ3","immunoglobulin lambda joining 3"
"218326_s_at",1.22853862274841,7.08179861605607,9.82463600254557,1.12411103763598e-16,2.7924823023013e-15,27.2495182954644,"LGR4","leucine rich repeat containing G protein-coupled receptor 4"
"212680_x_at",1.22755964527059,8.7512889712243,13.8949752338258,7.88402701239342e-26,7.40635316493552e-24,48.1997804327616,"PPP1R14B","protein phosphatase 1 regulatory inhibitor subunit 14B"
"213506_at",1.22431941760028,7.32211085578505,8.62995601298341,5.76957878900307e-14,9.53028348075281e-13,21.0610936771833,"F2RL1","F2R like trypsin receptor 1"
"212489_at",1.21739084710521,7.83783572591589,7.69551258313158,6.9400327757947e-12,8.27419745013555e-11,16.3228106203248,"COL5A1","collagen type V alpha 1 chain"
"208051_s_at",1.21679338724525,8.58959273382243,11.3103039024818,4.62378063078798e-20,1.94033340481824e-18,34.9937521789985,"PAIP1","poly(A) binding protein interacting protein 1"
"201688_s_at",1.21340303809711,8.37186692798131,9.0977445277904,5.06114060056202e-15,9.71381533181082e-14,23.4726780237067,"TPD52","tumor protein D52"
"209714_s_at",1.2109430417259,7.63791932384112,10.0137193416741,4.16428964274769e-17,1.1020530416787e-15,28.2352935334375,"CDKN3","cyclin dependent kinase inhibitor 3"
"213432_at",1.2107665285943,7.64792317978505,4.32079125246015,3.45828352453282e-05,0.000130104561501207,1.24292206650281,"MUC5B","mucin 5B, oligomeric mucus/gel-forming"
"209064_x_at",1.20771262700844,8.89794933765421,11.9402512931782,1.73376156565357e-21,8.58520199276854e-20,38.257840316555,"PAIP1","poly(A) binding protein interacting protein 1"
"209395_at",1.20488412812174,8.85972577936449,6.07515512791223,1.87151010660649e-08,1.2512109122566e-07,8.54742511064079,"CHI3L1","chitinase 3 like 1"
"217480_x_at",1.2035432615862,9.85399856118692,6.56009920403816,1.89193974103961e-09,1.50028801599949e-08,10.7960881029567,"IGKV1OR1-1","immunoglobulin kappa variable 1/OR1-1 (pseudogene)"
"217480_x_at",1.2035432615862,9.85399856118692,6.56009920403816,1.89193974103961e-09,1.50028801599949e-08,10.7960881029567,"IGKV1OR2-118","immunoglobulin kappa variable 1/OR2-118 (pseudogene)"
"217281_x_at",1.20149127669845,7.86402673370093,6.77989394743397,6.54430167585419e-10,5.61303596008695e-09,11.8399743900635,NA,NA
"201761_at",1.19965753937156,9.17084124279439,8.98197010762074,9.25778488314309e-15,1.71338223049068e-13,22.8740507229912,"MTHFD2","methylenetetrahydrofolate dehydrogenase (NADP+ dependent) 2, methenyltetrahydrofolate cyclohydrolase"
"206102_at",1.197282717652,6.98488022533645,9.87420020047868,8.66535006879222e-17,2.18427596813232e-15,27.5078387006081,"GINS1","GINS complex subunit 1"
"209631_s_at",1.19687879680084,4.96467850362617,7.18492116986739,8.95802321179327e-11,8.91123353698167e-10,13.7985856250366,"GPR37","G protein-coupled receptor 37"
"205549_at",1.19474490664989,6.61756549481308,5.28705726018438,6.49921305251712e-07,3.31173026410334e-06,5.08381903419688,"PCP4","Purkinje cell protein 4"
"202923_s_at",1.18959814117664,8.73022800926168,6.3843181029804,4.37860733982094e-09,3.25880118080261e-08,9.97190581550577,"GCLC","glutamate-cysteine ligase catalytic subunit"
"217110_s_at",1.18761030224876,5.68103481807477,5.03351611299743,1.92668034789553e-06,9.01558550864261e-06,4.02846640046901,"MUC4","mucin 4, cell surface associated"
"212531_at",1.1854552520482,9.28913548998131,4.71973046672378,7.09195945033697e-06,2.99583189444282e-05,2.76752268419763,"LCN2","lipocalin 2"
"208161_s_at",1.17872682446482,9.45081669314019,10.2072335549007,1.50658701767517e-17,4.2765959891536e-16,29.2447973780386,"ABCC3","ATP binding cassette subfamily C member 3"
"201088_at",1.17866161076847,9.78570098892523,11.3332253163556,4.10159256421784e-20,1.73098081644822e-18,35.112863272127,"KPNA2","karyopherin subunit alpha 2"
"202855_s_at",1.17472464744933,8.13624338465421,8.9129469074253,1.32637418593703e-14,2.39510502311465e-13,22.5176694606593,"SLC16A3","solute carrier family 16 member 3"
"211048_s_at",1.17279246901583,9.30861209716822,12.5321738039284,8.11238583178234e-23,4.75706035498963e-21,41.3024493895264,"PDIA4","protein disulfide isomerase family A member 4"
"204620_s_at",1.16968107207495,10.7099714748411,7.6080357047547,1.07947763909823e-11,1.25477309504568e-10,15.8865071161296,"VCAN","versican"
"221731_x_at",1.16489897698768,10.6104931888224,7.8514414909395,3.14756565632785e-12,3.95361925140663e-11,17.1040578007064,"VCAN","versican"
"206632_s_at",1.1631153935095,6.60433397964486,7.33846274122251,4.17388396312789e-11,4.36241352487705e-10,14.5517176722719,"APOBEC3B","apolipoprotein B mRNA editing enzyme catalytic subunit 3B"
"201131_s_at",1.16196309161506,10.6665263740561,10.7890033828546,7.09643331503432e-19,2.43276651629092e-17,32.2798127578858,"CDH1","cadherin 1"
"204286_s_at",1.16184314846727,5.16914076942991,7.09355933387081,1.40767863262461e-10,1.35559132210331e-09,13.3531014772812,"PMAIP1","phorbol-12-myristate-13-acetate-induced protein 1"
"209109_s_at",1.15940709289233,9.19223625652336,9.95781176428445,5.58574721155332e-17,1.45066672628255e-15,27.9437425003295,"TSPAN6","tetraspanin 6"
"204348_s_at",1.15860756644264,9.05629562425234,9.54198694538464,4.9526070619508e-16,1.1147367996106e-14,25.777903848054,"AK4","adenylate kinase 4"
"202342_s_at",1.15207219685749,7.86182406079439,8.03609212322549,1.22793821278308e-12,1.6404164985279e-11,18.0346389516285,"TRIM2","tripartite motif containing 2"
"204822_at",1.1516243828487,6.4818274521028,8.28679742410325,3.39458341429094e-13,4.99943834901818e-12,19.30657258967,"TTK","TTK protein kinase"
"211430_s_at",1.1507478091907,13.3725084968224,6.80041617184218,5.92280278237198e-10,5.11145679316789e-09,11.9381591261292,"IGHG3","immunoglobulin heavy constant gamma 3 (G3m marker)"
"211430_s_at",1.1507478091907,13.3725084968224,6.80041617184218,5.92280278237198e-10,5.11145679316789e-09,11.9381591261292,"IGHG1","immunoglobulin heavy constant gamma 1 (G1m marker)"
"211430_s_at",1.1507478091907,13.3725084968224,6.80041617184218,5.92280278237198e-10,5.11145679316789e-09,11.9381591261292,"IGHM","immunoglobulin heavy constant mu"
"211430_s_at",1.1507478091907,13.3725084968224,6.80041617184218,5.92280278237198e-10,5.11145679316789e-09,11.9381591261292,"IGHV4-31","immunoglobulin heavy variable 4-31"
"217258_x_at",1.15045780558586,7.90936572850467,6.03612249814048,2.24318714679782e-08,1.47840695628796e-07,8.36999941630033,NA,NA
"203214_x_at",1.15022743046024,7.94915630441121,10.0461747392286,3.51151409556937e-17,9.43872962503888e-16,28.4045693842399,"CDK1","cyclin dependent kinase 1"
"209374_s_at",1.14597040660275,10.0499317368505,4.26931037149814,4.21629161768692e-05,0.000156143636557948,1.05300054670256,"IGHM","immunoglobulin heavy constant mu"
"209942_x_at",1.14285463901407,6.5216558306729,3.91652248770985,0.000157387686966197,0.000525167689228478,-0.203853313902599,"MAGEA3","MAGE family member A3"
"208079_s_at",1.14160558559535,7.01352851982243,9.00356173192752,8.27231229530567e-15,1.54123691368141e-13,22.9856135999901,"AURKA","aurora kinase A"
"201897_s_at",1.13905947459183,9.20844263313084,10.2946884931858,9.51548422327544e-18,2.79359071076741e-16,29.7011289488538,"CKS1B","CDC28 protein kinase regulatory subunit 1B"
"201839_s_at",1.13451125184272,10.5489823592991,11.0854663433198,1.49975789364795e-19,5.79187264196835e-18,33.8242942002571,"EPCAM","epithelial cell adhesion molecule"
"217744_s_at",1.13238898988036,9.29269193928972,8.13767524225672,7.30066097424798e-13,1.02186324427869e-11,18.5489024944705,"PERP","p53 apoptosis effector related to PMP22"
"203954_x_at",1.13166367288846,8.24364042864486,9.41333149823216,9.71832906785128e-16,2.07625624754487e-14,25.1091494188714,"CLDN3","claudin 3"
"212488_at",1.13154257819529,9.3904058587757,7.32355280013894,4.4961712886644e-11,4.66642686657237e-10,14.4783466265949,"COL5A1","collagen type V alpha 1 chain"
"201645_at",1.12985168791345,9.41222587624299,5.89888002199989,4.22334649837716e-08,2.65778338969915e-07,7.75070268331153,"TNC","tenascin C"
"204619_s_at",1.12847252909887,8.15828437252337,8.1424325422504,7.12478609403738e-13,1.00260846431339e-11,18.5730244140979,"VCAN","versican"
"217809_at",1.12762736244441,10.0112128073551,13.8807661941213,8.46739195478837e-26,7.8564496504797e-24,48.1288017620193,"BZW2","basic leucine zipper and W2 domains 2"
"215380_s_at",1.12689672108832,9.79378784195327,11.5405352139286,1.38910872265726e-20,6.17834524290854e-19,36.1890812840284,"GGCT","gamma-glutamylcyclotransferase"
"216905_s_at",1.12355741756755,7.37261443643925,13.1948160868091,2.72242594735829e-24,1.93814113051069e-22,44.677859882509,"ST14","ST14 transmembrane serine protease matriptase"
"201428_at",1.12219137860556,7.77327326047664,10.1915820219933,1.63572192248025e-17,4.61961870705036e-16,29.1631336580835,"CLDN4","claudin 4"
"216207_x_at",1.12163371342293,11.1747881571869,5.89593842278791,4.28069836674336e-08,2.69150117680989e-07,7.73750802697327,"IGKV1D-13","immunoglobulin kappa variable 1D-13"
"209277_at",1.11670917318614,5.28626265331776,4.88014936646976,3.66458483244304e-06,1.62535716204873e-05,3.40568988496095,"TFPI2","tissue factor pathway inhibitor 2"
"219508_at",1.11464992885116,7.44697963413084,7.6192492907885,1.02012476266577e-11,1.18950497574471e-10,15.9423538160332,"GCNT3","glucosaminyl (N-acetyl) transferase 3, mucin type"
"220334_at",1.11443947183392,7.58715007262617,10.1396820362896,2.14851447538829e-17,5.95464528048224e-16,28.8923537744955,"RGS17","regulator of G protein signaling 17"
"202705_at",1.11397424714321,7.84836217642991,10.7456889020397,8.9074665458283e-19,3.0119131569149e-17,32.0539785843721,"CCNB2","cyclin B2"
"208767_s_at",1.11349996491063,10.2639535112523,8.00696625007233,1.42496813517752e-12,1.88219116515475e-11,17.8874840216885,"LAPTM4B","lysosomal protein transmembrane 4 beta"
"204962_s_at",1.11331962689902,6.81752314434579,8.99491780777808,8.65360730507731e-15,1.60824296563001e-13,22.9409463500394,"CENPA","centromere protein A"
"204023_at",1.11057333100703,8.06711731505608,10.3508286436703,7.08482942090131e-18,2.12192545680032e-16,29.9940745463473,"RFC4","replication factor C subunit 4"
"208308_s_at",1.10859841402322,10.3769042119813,9.71422871503068,2.00674076789318e-16,4.76718598411128e-15,26.6743473272221,"GPI","glucose-6-phosphate isomerase"
"201942_s_at",1.10807392454786,7.39272638556075,6.59077543688637,1.63271030432231e-09,1.3082230748369e-08,10.9409140858753,"CPD","carboxypeptidase D"
"204653_at",1.10591831296552,7.18002383473832,10.4847770878035,3.50527784882735e-18,1.08937386757908e-16,30.6930108507803,"TFAP2A","transcription factor AP-2 alpha"
"217179_x_at",1.10447739907143,9.23012434703738,5.72497772009374,9.3237607680969e-08,5.53439960563407e-07,6.97655691133208,NA,NA
"204033_at",1.10374436471464,8.00699225494393,7.52677233303844,1.62517816219929e-11,1.83547110939112e-10,15.4825404099522,"TRIP13","thyroid hormone receptor interactor 13"
"210052_s_at",1.09800786068754,8.03777007437383,10.3215893283832,8.26128058693457e-18,2.45121325324451e-16,29.8415001402059,"TPX2","TPX2 microtubule nucleation factor"
"205107_s_at",1.09409892886488,7.29524045999065,10.4347090742691,4.55979790862249e-18,1.39568649447576e-16,30.431766809373,"EFNA4","ephrin A4"
"214916_x_at",1.09373118906087,7.87629454335514,6.18945268554658,1.09782300469702e-08,7.6231816807927e-08,9.07016212857854,"IGHA1","immunoglobulin heavy constant alpha 1"
"214916_x_at",1.09373118906087,7.87629454335514,6.18945268554658,1.09782300469702e-08,7.6231816807927e-08,9.07016212857854,"IGHA2","immunoglobulin heavy constant alpha 2 (A2m marker)"
"214916_x_at",1.09373118906087,7.87629454335514,6.18945268554658,1.09782300469702e-08,7.6231816807927e-08,9.07016212857854,"IGHG1","immunoglobulin heavy constant gamma 1 (G1m marker)"
"214916_x_at",1.09373118906087,7.87629454335514,6.18945268554658,1.09782300469702e-08,7.6231816807927e-08,9.07016212857854,"IGHG3","immunoglobulin heavy constant gamma 3 (G3m marker)"
"214916_x_at",1.09373118906087,7.87629454335514,6.18945268554658,1.09782300469702e-08,7.6231816807927e-08,9.07016212857854,"IGHM","immunoglobulin heavy constant mu"
"214916_x_at",1.09373118906087,7.87629454335514,6.18945268554658,1.09782300469702e-08,7.6231816807927e-08,9.07016212857854,"IGHV4-31","immunoglobulin heavy variable 4-31"
"214916_x_at",1.09373118906087,7.87629454335514,6.18945268554658,1.09782300469702e-08,7.6231816807927e-08,9.07016212857854,"IGHV3-23","immunoglobulin heavy variable 3-23"
"214916_x_at",1.09373118906087,7.87629454335514,6.18945268554658,1.09782300469702e-08,7.6231816807927e-08,9.07016212857854,"IGHJ4","immunoglobulin heavy joining 4"
"214916_x_at",1.09373118906087,7.87629454335514,6.18945268554658,1.09782300469702e-08,7.6231816807927e-08,9.07016212857854,"IGK","immunoglobulin kappa locus"
"214916_x_at",1.09373118906087,7.87629454335514,6.18945268554658,1.09782300469702e-08,7.6231816807927e-08,9.07016212857854,"ZCWPW2","zinc finger CW-type and PWWP domain containing 2"
"216853_x_at",1.09059811921358,8.84057234738318,5.95768694090325,3.2230384329495e-08,2.06495012655014e-07,8.01518592146513,"IGLV3-19","immunoglobulin lambda variable 3-19"
"216853_x_at",1.09059811921358,8.84057234738318,5.95768694090325,3.2230384329495e-08,2.06495012655014e-07,8.01518592146513,"IGLJ3","immunoglobulin lambda joining 3"
"216853_x_at",1.09059811921358,8.84057234738318,5.95768694090325,3.2230384329495e-08,2.06495012655014e-07,8.01518592146513,"IGLL5","immunoglobulin lambda like polypeptide 5"
"218350_s_at",1.0880472786045,8.1239296623271,9.73877518153859,1.76419592052829e-16,4.23160147439525e-15,26.8021900767725,"GMNN","geminin DNA replication inhibitor"
"201943_s_at",1.0878574008969,8.17273483641121,7.41781501449366,2.80732085304046e-11,3.04258417160995e-10,14.943033092027,"CPD","carboxypeptidase D"
"205466_s_at",1.08722745326847,6.86744731741121,6.23419260005548,8.89904145101448e-09,6.26970083104586e-08,9.27604466057413,"HS3ST1","heparan sulfate-glucosamine 3-sulfotransferase 1"
"AFFX-HUMGAPDH/M33197_M_at",1.08490266039761,12.4275899139252,12.9679727021053,8.66416971781584e-24,5.7977085231859e-22,43.5266688827115,"GAPDH","glyceraldehyde-3-phosphate dehydrogenase"
"200806_s_at",1.0820075749057,10.1890397020841,8.4909408024528,1.18467661737384e-13,1.86559357349408e-12,20.3486213966089,"HSPD1","heat shock protein family D (Hsp60) member 1"
"214973_x_at",1.0818638166988,8.83569452407477,5.62152468917193,1.48536896828206e-07,8.526140319482e-07,6.52188758555024,"IGHD","immunoglobulin heavy constant delta"
"206224_at",1.08089188222027,5.53171455339252,6.42999831630037,3.52383214929371e-09,2.6626501113161e-08,10.1851337266858,"CST1","cystatin SN"
"219118_at",1.07877992516361,8.24236080038318,8.39338099790014,1.96041339232877e-13,3.00232932104893e-12,19.8499692283101,"FKBP11","FKBP prolyl isomerase 11"
"206504_at",1.07617619691766,5.37347831058879,5.12676635473939,1.29627917263794e-06,6.26708370663727e-06,4.41296287462617,"CYP24A1","cytochrome P450 family 24 subfamily A member 1"
"204401_at",1.07600941762949,7.41759757371963,10.1958853713414,1.59915172752222e-17,4.52781422419031e-16,29.1855867139942,"KCNN4","potassium calcium-activated channel subfamily N member 4"
"201231_s_at",1.07591118475369,11.7753632807477,14.0791281146551,3.13183539574338e-26,3.07430344155725e-24,49.1177430554268,"ENO1","enolase 1"
"209772_s_at",1.07276782357741,7.07554988719626,7.34097126278048,4.12195917928023e-11,4.31421401558955e-10,14.5640668644885,"CD24","CD24 molecule"
"222067_x_at",1.06924184607987,8.0317983611028,9.96225668302786,5.45684776659727e-17,1.42216302670277e-15,27.9669200273566,"H2BC5","H2B clustered histone 5"
"201195_s_at",1.06894388606861,8.38744246725234,8.73948879855558,3.26872540468359e-14,5.60715998403113e-13,21.6239396750376,"SLC7A5","solute carrier family 7 member 5"
"208029_s_at",1.06503172179944,10.7147672495794,7.52770271211574,1.61759449431699e-11,1.82783256170718e-10,15.4871578588536,"LAPTM4B","lysosomal protein transmembrane 4 beta"
"219117_s_at",1.06140661972765,9.3508029157757,7.81454378318453,3.79653986766761e-12,4.69990543729097e-11,16.918795855385,"FKBP11","FKBP prolyl isomerase 11"
"201250_s_at",1.05911775235046,9.72230291896262,10.125383080623,2.31614535802345e-17,6.39537385537007e-16,28.817755821539,"SLC2A1","solute carrier family 2 member 1"
"205997_at",1.05899682640922,7.52016803783178,9.06023663562158,6.1554023142305e-15,1.16633358646257e-13,23.2786255204372,"ADAM28","ADAM metallopeptidase domain 28"
"203892_at",1.0576129203392,10.1304285848131,7.03947136326712,1.83789649194042e-10,1.72509888500035e-09,13.0903400151528,"WFDC2","WAP four-disulfide core domain 2"
"202718_at",1.05365131729029,8.94221170001869,4.89735451432673,3.41149750127427e-06,1.52328427948611e-05,3.47494803360178,"IGFBP2","insulin like growth factor binding protein 2"
"201418_s_at",1.04950083846094,9.0538839598785,11.0129548172243,2.19285740317699e-19,8.10338996931888e-18,33.4467590682685,"SOX4","SRY-box transcription factor 4"
"200644_at",1.04943401109816,10.9168652851495,10.6441885912686,1.51756032228413e-18,4.97835878136256e-17,31.524641420975,"MARCKSL1","MARCKS like 1"
"204767_s_at",1.0490176202178,8.09735850761682,10.2400521930311,1.26795856022063e-17,3.65037733816489e-16,29.4160376639816,"FEN1","flap structure-specific endonuclease 1"
"205174_s_at",1.04763922980964,6.58774898013084,5.89392819389229,4.32033102995788e-08,2.71488822167376e-07,7.72849300734979,"QPCT","glutaminyl-peptide cyclotransferase"
"209260_at",1.04534178298874,8.28766534685981,7.50380603422436,1.82398523404653e-11,2.03622308380915e-10,15.3686155228856,"SFN","stratifin"
"209186_at",1.04400422084377,11.1577524546636,11.8555874236462,2.69192964013788e-21,1.30117718375688e-19,37.8204264538531,"ATP2A2","ATPase sarcoplasmic/endoplasmic reticulum Ca2+ transporting 2"
"216984_x_at",1.04036592670056,10.3664058335888,5.65183200262509,1.29650100795796e-07,7.53322867283628e-07,6.65462135108128,"IGLJ3","immunoglobulin lambda joining 3"
"33322_i_at",1.03373224008445,11.8039822465421,7.93130383567458,2.09624773130581e-12,2.70316482619719e-11,17.5058464342621,"SFN","stratifin"
"217227_x_at",1.03288761984342,8.28538256778505,5.841984913544,5.47918165973943e-08,3.38487953767601e-07,7.49609894171123,NA,NA
"202786_at",1.03231407120795,7.73320446169159,10.7420277510823,9.08027254680841e-19,3.06105466203527e-17,32.0348883091567,"STK39","serine/threonine kinase 39"
"204444_at",1.02993698147396,5.65468515004673,8.71008489436285,3.80775844626529e-14,6.42790011046436e-13,21.4727235196423,"KIF11","kinesin family member 11"
"213453_x_at",1.02841124179099,12.5963650683178,13.8130342233371,1.19029510398492e-25,1.0525137223054e-23,47.7901679246792,"GAPDH","glyceraldehyde-3-phosphate dehydrogenase"
"209836_x_at",1.0282040563962,8.63960581009346,11.259722545477,6.02395607577449e-20,2.47849421647659e-18,34.730829412819,"BOLA2","bolA family member 2"
"209836_x_at",1.0282040563962,8.63960581009346,11.259722545477,6.02395607577449e-20,2.47849421647659e-18,34.730829412819,"BOLA2B","bolA family member 2B"
"218355_at",1.02462365779943,7.12923114901869,9.24447674140277,2.35142404260629e-15,4.74179022094081e-14,24.2327760355698,"KIF4A","kinesin family member 4A"
"211747_s_at",1.02384334115904,8.71950261121495,10.3130622516264,8.63982017630149e-18,2.55672128802823e-16,29.7970048938495,"LSM5","LSM5 homolog, U6 small nuclear RNA and mRNA degradation associated"
"205499_at",1.0236080798698,7.23177351593458,7.84093504811872,3.32021691442694e-12,4.15642660135817e-11,17.0512811031767,"SRPX2","sushi repeat containing protein X-linked 2"
"202357_s_at",1.02113546502639,8.86812409914019,6.45949533085436,3.06171533064496e-09,2.33644529838225e-08,10.323180769791,"CFB","complement factor B"
"202200_s_at",1.02044975396235,8.33556198714953,13.7501892296107,1.63332720501563e-25,1.39982423497551e-23,47.4755396475889,"SRPK1","SRSF protein kinase 1"
"209644_x_at",1.01995122067206,7.89688390035514,7.15291707953393,1.04970173746771e-10,1.03223759117356e-09,13.6423010177569,"CDKN2A","cyclin dependent kinase inhibitor 2A"
"208103_s_at",1.01577804863054,6.84435159658879,8.86977351657549,1.66058903420965e-14,2.96973558983095e-13,22.2949639641906,"ANP32E","acidic nuclear phosphoprotein 32 family member E"
"205513_at",1.01474237791767,8.11370659880374,5.19439165899355,9.70076255849592e-07,4.79082650910826e-06,4.69448256206662,"TCN1","transcobalamin 1"
"202779_s_at",1.0136201456337,8.50080833314019,8.77280023710642,2.74939896379378e-14,4.76398577839944e-13,21.7953547423529,"UBE2S","ubiquitin conjugating enzyme E2 S"
"204162_at",1.01319179899226,5.06316856048598,7.61190164046452,1.05863796379436e-11,1.23183445155247e-10,15.9057577403899,"NDC80","NDC80 kinetochore complex component"
"201004_at",1.01150426142858,11.4455769181308,11.8802341857387,2.36820371540748e-21,1.15219832730186e-19,37.9478087111973,"SSR4","signal sequence receptor subunit 4"
"209498_at",1.01110664239057,8.15863479956075,8.41919002012016,1.7160250755929e-13,2.64990899233795e-12,19.9817715314402,"CEACAM1","CEA cell adhesion molecule 1"
"203358_s_at",1.01062382525088,5.37023433071963,7.86027737635121,3.00929513039192e-12,3.79921378983134e-11,17.1484576703327,"EZH2","enhancer of zeste 2 polycomb repressive complex 2 subunit"
"206499_s_at",1.01044086179803,7.99945745918692,14.7857171754206,9.38279858795507e-28,1.14249672642297e-25,52.6052727551269,"RCC1","regulator of chromosome condensation 1"
"202854_at",1.00831656891942,9.14916601787851,11.1333996172221,1.16681436461091e-19,4.58555987418429e-18,34.0737668984177,"HPRT1","hypoxanthine phosphoribosyltransferase 1"
"209596_at",1.00729789048416,9.68705745173832,7.55816619604209,1.38777535011901e-11,1.57935639053636e-10,15.6384446494302,"MXRA5","matrix remodeling associated 5"
"205229_s_at",1.00675518642153,6.91804519766355,6.63277200486355,1.33385016308887e-09,1.08912360513409e-08,11.1396492581465,"COCH","cochlin"
"217356_s_at",1.00635673703272,10.4643075158131,8.76748020217085,2.82644799495715e-14,4.88609314752755e-13,21.7679714628829,"PGK1","phosphoglycerate kinase 1"
"218982_s_at",1.00623775225616,8.54648879684112,11.1834015344052,8.98087100468986e-20,3.59283211126578e-18,34.3339204190011,"MRPS17","mitochondrial ribosomal protein S17"
"203087_s_at",1.00494370313336,7.706611467,9.74211857991195,1.73350966774461e-16,4.16247800930529e-15,26.8196046775714,"KIF2A","kinesin family member 2A"
"214437_s_at",1.00482987076883,6.88179923304673,9.54129385539239,4.97063377091233e-16,1.11766531097114e-14,25.7742990635705,"SHMT2","serine hydroxymethyltransferase 2"
"220431_at",1.00390324918332,5.81857687673832,5.36192898142496,4.68953769097475e-07,2.45240479624479e-06,5.4013469215532,"TMPRSS11E","transmembrane serine protease 11E"
"210827_s_at",1.00340229126355,9.42112637527103,8.34086012456994,2.56989623856034e-13,3.86403494492847e-12,19.5820155825809,"ELF3","E74 like ETS transcription factor 3"
"209642_at",1.00261900239972,6.54798434290654,8.30223446740217,3.13536943653006e-13,4.62991631240553e-12,19.385182734118,"BUB1","BUB1 mitotic checkpoint serine/threonine kinase"
"218888_s_at",1.00190972198205,7.65682414161682,6.75373170988559,7.43086829977786e-10,6.31269684803469e-09,11.7149791847518,"NETO2","neuropilin and tolloid like 2"
